{
    "utterances": [
        {
            "text": "I am done",
            "entities": [],
            "traits": [],
            "intent": "checkout"
        },
        {
            "text": "I'm finished shopping",
            "entities": [],
            "traits": [],
            "intent": "checkout"
        },
        {
            "text": "Im lost",
            "entities": [],
            "traits": [],
            "intent": "get_price"
        },
        {
            "text": "add 2 bagels in basket",
            "entities": [
                {
                    "entity": "item_type:item_type",
                    "start": 6,
                    "end": 12,
                    "body": "bagels",
                    "entities": []
                },
                {
                    "entity": "wit$number:number",
                    "start": 4,
                    "end": 5,
                    "body": "2",
                    "entities": []
                }
            ],
            "traits": [],
            "intent": "add_item"
        },
        {
            "text": "add 7 eggs",
            "entities": [
                {
                    "entity": "item_type:item_type",
                    "start": 6,
                    "end": 10,
                    "body": "eggs",
                    "entities": []
                },
                {
                    "entity": "wit$number:number",
                    "start": 4,
                    "end": 5,
                    "body": "7",
                    "entities": []
                }
            ],
            "traits": [],
            "intent": "add_item"
        },
        {
            "text": "add 8 donut to cart",
            "entities": [
                {
                    "entity": "item_type:item_type",
                    "start": 6,
                    "end": 11,
                    "body": "donut",
                    "entities": []
                },
                {
                    "entity": "wit$number:number",
                    "start": 4,
                    "end": 5,
                    "body": "8",
                    "entities": []
                }
            ],
            "traits": [],
            "intent": "add_item"
        },
        {
            "text": "add a donut into cart",
            "entities": [
                {
                    "entity": "item_type:item_type",
                    "start": 6,
                    "end": 11,
                    "body": "donut",
                    "entities": []
                }
            ],
            "traits": [],
            "intent": "add_item"
        },
        {
            "text": "add an apple to my basket",
            "entities": [
                {
                    "entity": "item_type:item_type",
                    "start": 7,
                    "end": 12,
                    "body": "apple",
                    "entities": []
                }
            ],
            "traits": [],
            "intent": "add_item"
        },
        {
            "text": "checkout",
            "entities": [],
            "traits": [],
            "intent": "checkout"
        },
        {
            "text": "delete 2 coconuts",
            "entities": [
                {
                    "entity": "wit$number:number",
                    "start": 7,
                    "end": 8,
                    "body": "2",
                    "entities": []
                },
                {
                    "entity": "item_type:item_type",
                    "start": 9,
                    "end": 17,
                    "body": "coconuts",
                    "entities": []
                }
            ],
            "traits": [],
            "intent": "remove_item"
        },
        {
            "text": "delete 4 donuts from my cart",
            "entities": [
                {
                    "entity": "wit$number:number",
                    "start": 7,
                    "end": 8,
                    "body": "4",
                    "entities": []
                },
                {
                    "entity": "item_type:item_type",
                    "start": 9,
                    "end": 15,
                    "body": "donuts",
                    "entities": []
                }
            ],
            "traits": [],
            "intent": "remove_item"
        },
        {
            "text": "done shopping",
            "entities": [],
            "traits": [],
            "intent": "checkout"
        },
        {
            "text": "finished",
            "entities": [],
            "traits": [],
            "intent": "checkout"
        },
        {
            "text": "get help",
            "entities": [],
            "traits": [],
            "intent": "get_help"
        },
        {
            "text": "help",
            "entities": [],
            "traits": [],
            "intent": "get_help"
        },
        {
            "text": "help me",
            "entities": [],
            "traits": [],
            "intent": "get_price"
        },
        {
            "text": "how much is a bagel",
            "entities": [
                {
                    "entity": "item_type:item_type",
                    "start": 14,
                    "end": 19,
                    "body": "bagel",
                    "entities": []
                }
            ],
            "traits": [],
            "intent": "get_price"
        },
        {
            "text": "how much is a coconut",
            "entities": [
                {
                    "entity": "item_type:item_type",
                    "start": 14,
                    "end": 21,
                    "body": "coconut",
                    "entities": []
                }
            ],
            "traits": [],
            "intent": "get_price"
        },
        {
            "text": "how much is an apple",
            "entities": [
                {
                    "entity": "item_type:item_type",
                    "start": 15,
                    "end": 20,
                    "body": "apple",
                    "entities": []
                }
            ],
            "traits": [],
            "intent": "get_price"
        },
        {
            "text": "i dont know what to do",
            "entities": [],
            "traits": [],
            "intent": "get_help"
        },
        {
            "text": "put 5 coconuts into cart",
            "entities": [
                {
                    "entity": "item_type:item_type",
                    "start": 6,
                    "end": 14,
                    "body": "coconuts",
                    "entities": []
                },
                {
                    "entity": "wit$number:number",
                    "start": 4,
                    "end": 5,
                    "body": "5",
                    "entities": []
                }
            ],
            "traits": [],
            "intent": "add_item"
        },
        {
            "text": "remove 4 donuts from cart",
            "entities": [
                {
                    "entity": "item_type:item_type",
                    "start": 9,
                    "end": 15,
                    "body": "donuts",
                    "entities": []
                },
                {
                    "entity": "wit$number:number",
                    "start": 7,
                    "end": 8,
                    "body": "4",
                    "entities": []
                }
            ],
            "traits": [],
            "intent": "remove_item"
        },
        {
            "text": "remove 5 bagels",
            "entities": [
                {
                    "entity": "wit$number:number",
                    "start": 7,
                    "end": 8,
                    "body": "5",
                    "entities": []
                },
                {
                    "entity": "item_type:item_type",
                    "start": 9,
                    "end": 15,
                    "body": "bagels",
                    "entities": []
                }
            ],
            "traits": [],
            "intent": "remove_item"
        },
        {
            "text": "remove 5 coconuts from cart",
            "entities": [
                {
                    "entity": "wit$number:number",
                    "start": 7,
                    "end": 8,
                    "body": "5",
                    "entities": []
                },
                {
                    "entity": "item_type:item_type",
                    "start": 9,
                    "end": 17,
                    "body": "coconuts",
                    "entities": []
                }
            ],
            "traits": [],
            "intent": "remove_item"
        },
        {
            "text": "remove 7 eggs",
            "entities": [
                {
                    "entity": "wit$number:number",
                    "start": 7,
                    "end": 8,
                    "body": "7",
                    "entities": []
                },
                {
                    "entity": "item_type:item_type",
                    "start": 9,
                    "end": 13,
                    "body": "eggs",
                    "entities": []
                }
            ],
            "traits": [],
            "intent": "remove_item"
        },
        {
            "text": "remove an apple from my basket",
            "entities": [
                {
                    "entity": "item_type:item_type",
                    "start": 10,
                    "end": 15,
                    "body": "apple",
                    "entities": []
                }
            ],
            "traits": [],
            "intent": "remove_item"
        },
        {
            "text": "view basket",
            "entities": [],
            "traits": [],
            "intent": "view_cart"
        },
        {
            "text": "view my cart",
            "entities": [],
            "traits": [],
            "intent": "view_cart"
        },
        {
            "text": "what can I get",
            "entities": [],
            "traits": [],
            "intent": "get_items"
        },
        {
            "text": "what do I have",
            "entities": [],
            "traits": [],
            "intent": "get_items"
        },
        {
            "text": "what does a donut cost",
            "entities": [
                {
                    "entity": "item_type:item_type",
                    "start": 12,
                    "end": 17,
                    "body": "donut",
                    "entities": []
                }
            ],
            "traits": [],
            "intent": "get_price"
        },
        {
            "text": "what does an apple cost",
            "entities": [
                {
                    "entity": "item_type:item_type",
                    "start": 13,
                    "end": 18,
                    "body": "apple",
                    "entities": []
                }
            ],
            "traits": [],
            "intent": "get_price"
        },
        {
            "text": "what is available",
            "entities": [],
            "traits": [],
            "intent": "get_items"
        },
        {
            "text": "what items are there",
            "entities": [],
            "traits": [],
            "intent": "get_items"
        },
        {
            "text": "what items can I buy",
            "entities": [],
            "traits": [],
            "intent": "get_items"
        },
        {
            "text": "what items can I get",
            "entities": [],
            "traits": [],
            "intent": "get_items"
        },
        {
            "text": "what's in my basket",
            "entities": [],
            "traits": [],
            "intent": "view_cart"
        },
        {
            "text": "what's in my cart",
            "entities": [],
            "traits": [],
            "intent": "get_items"
        },
        {
            "text": "what's the price of a coconut",
            "entities": [
                {
                    "entity": "item_type:item_type",
                    "start": 22,
                    "end": 29,
                    "body": "coconut",
                    "entities": []
                }
            ],
            "traits": [],
            "intent": "get_price"
        }
    ]
}
